MotionDeviceSystemType,1002,ObjectType
ControllerType,1003,ObjectType
MotionDeviceType,1004,ObjectType
OperationStateMachineType,1006,ObjectType
ExecutingSubstateMachineType,1007,ObjectType
TaskControlOperationType,1008,ObjectType
IdleSubstateMachineType,1009,ObjectType
TaskControlType,1011,ObjectType
ReadySubstateMachineType,1012,ObjectType
SafetyStateType,1013,ObjectType
MultiAcknowledgeableConditionType,1015,ObjectType
TaskModuleType,1016,ObjectType
LoadType,1018,ObjectType
MotorType,1019,ObjectType
SystemOperationStateMachineType,1021,ObjectType
GearType,1022,ObjectType
TaskControlStateMachineType,1025,ObjectType
SystemOperationType,1028,ObjectType
OperationalModeEnumeration,3006,DataType
AxisMotionProfileEnumeration,3008,DataType
Controls,4002,ReferenceType
MotionDeviceSystemType_Controllers,5001,Object
MotionDeviceSystemType_MotionDevices,5002,Object
MotionDeviceType_AdditionalComponents_AdditionalComponentIdentifier_Placeholder,5003,Object
ControllerType_ParameterSet,5004,Object
OperationStateMachineType_Idle,5005,Object
OperationStateMachineType_Ready,5006,Object
OperationStateMachineType_Executing,5007,Object
OperationStateMachineType_ReadyToIdle,5008,Object
OperationStateMachineType_IdleToReady,5009,Object
MotionDeviceSystemType_SafetyStates,5010,Object
OperationStateMachineType_ExecutingToReady,5011,Object
OperationStateMachineType_ReadyToExecuting,5012,Object
OperationStateMachineType_ExecutingToIdle,5013,Object
OperationStateMachineType_IdleToIdle,5014,Object
IdleSubstateMachineType_StandBy,5015,Object
SafetyStateType_ParameterSet,5016,Object
IdleSubstateMachineType_GettingReady,5017,Object
IdleSubstateMachineType_GettingReadyToStandBy,5018,Object
IdleSubstateMachineType_StandByToGettingReady,5019,Object
ExecutingSubstateMachineType_Running,5020,Object
ExecutingSubstateMachineType_Stopping,5021,Object
ExecutingSubstateMachineType_RunningToStopping,5022,Object
ReadySubstateMachineType_AtProgramStart,5023,Object
ReadySubstateMachineType_Suspended,5024,Object
ReadySubstateMachineType_ProgramStartToSuspended,5025,Object
ReadySubstateMachineType_SuspendedToProgramStart,5026,Object
SystemOperationStateMachineType_IdleSubstateMachine,5027,Object
SystemOperationStateMachineType_ExecutingSubstateMachine,5028,Object
MotionDeviceType_ParameterSet,5029,Object
SystemOperationStateMachineType_Idle,5030,Object
SystemOperationStateMachineType_Ready,5031,Object
SystemOperationStateMachineType_Executing,5032,Object
SystemOperationStateMachineType_IdleToIdle,5033,Object
SystemOperationStateMachineType_IdleToReady,5034,Object
SystemOperationStateMachineType_ReadyToIdle,5035,Object
SystemOperationStateMachineType_ReadyToExecuting,5036,Object
SystemOperationStateMachineType_ExecutingToReady,5037,Object
SystemOperationStateMachineType_ExecutingToIdle,5038,Object
TaskControlStateMachineType_ReadySubstateMachine,5039,Object
TaskControlStateMachineType_Idle,5040,Object
TaskControlStateMachineType_Ready,5041,Object
TaskControlStateMachineType_Executing,5042,Object
TaskControlStateMachineType_IdleToIdle,5043,Object
TaskControlStateMachineType_IdleToReady,5044,Object
TaskControlStateMachineType_ReadyToIdle,5045,Object
TaskControlStateMachineType_ReadyToExecuting,5046,Object
TaskControlStateMachineType_ExecutingToReady,5047,Object
TaskControlStateMachineType_ExecutingToIdle,5048,Object
SystemOperationType_SystemOperationStateMachine,5049,Object
SystemOperationType_Conditions,5050,Object
TaskControlOperationType_TaskControlStateMachine,5051,Object
TaskControlType_TaskControlOperation,5052,Object
TaskControlType_TaskControlOperation_TaskControlStateMachine,5053,Object
ControllerType_Programs,5054,Object
ControllerType_SystemOperation,5055,Object
ControllerType_SystemOperation_SystemOperationStateMachine,5056,Object
TaskControlType_TaskModules,5057,Object
TaskControlType_TaskModules_TaskModule_Placeholder,5058,Object
SystemOperationType_Conditions_AcknowledgeableCondition_Placeholder,5059,Object
MotorType_DriveIdentifier_Placeholder,5060,Object
MotionDeviceType_FlangeLoad,5091,Object
MotorType_ParameterSet,5105,Object
MotionDeviceType_TaskControlReference,6001,Variable
MotionDeviceSystemType_MotionDevices_MotionDeviceIdentifier_Placeholder_TaskControlReference,6002,Variable
ControllerType_MotionDeviceIdentifier_Placeholder_TaskControlReference,6003,Variable
TaskControlType_MotionDeviceIdentifier_Placeholder_TaskControlReference,6004,Variable
OperationStateMachineType_LastTransition,6005,Variable
OperationStateMachineType_LastTransition_Id,6006,Variable
OperationStateMachineType_LastTransitionReason,6007,Variable
OperationStateMachineType_PossibleStopModes,6008,Variable
OperationStateMachineType_ConfiguredDefaultStopMode,6009,Variable
OperationStateMachineType_Idle_StateNumber,6010,Variable
OperationStateMachineType_Ready_StateNumber,6011,Variable
OperationStateMachineType_Executing_StateNumber,6012,Variable
LoadType_CenterOfMass,6013,Variable
OperationStateMachineType_ReadyToIdle_TransitionNumber,6014,Variable
OperationStateMachineType_IdleToReady_TransitionNumber,6015,Variable
OperationStateMachineType_ExecutingToReady_TransitionNumber,6016,Variable
OperationStateMachineType_ReadyToExecuting_TransitionNumber,6017,Variable
OperationStateMachineType_ExecutingToIdle_TransitionNumber,6018,Variable
OperationStateMachineType_IdleToIdle_TransitionNumber,6019,Variable
OperationStateMachineType_LastTransitionReason_EnumValues,6020,Variable
OperationStateMachineType_LastTransitionReason_ValueAsText,6021,Variable
OperationalModeEnumeration_EnumStrings,6022,Variable
OperationStateMachineType_Start_OutputArguments,6023,Variable
OperationStateMachineType_Stop_InputArguments,6024,Variable
OperationStateMachineType_Stop_OutputArguments,6025,Variable
IdleSubstateMachineType_LastTransition,6026,Variable
AxisMotionProfileEnumeration_EnumStrings,6027,Variable
IdleSubstateMachineType_LastTransition_Id,6028,Variable
IdleSubstateMachineType_LastTransitionReason,6029,Variable
IdleSubstateMachineType_StandBy_StateNumber,6030,Variable
IdleSubstateMachineType_GettingReady_StateNumber,6031,Variable
IdleSubstateMachineType_GettingReadyToStandBy_TransitionNumber,6032,Variable
IdleSubstateMachineType_StandByToGettingReady_TransitionNumber,6033,Variable
IdleSubstateMachineType_LastTransitionReason_EnumValues,6034,Variable
IdleSubstateMachineType_LastTransitionReason_ValueAsText,6035,Variable
ExecutingSubstateMachineType_LastTransition,6036,Variable
ExecutingSubstateMachineType_LastTransition_Id,6037,Variable
ExecutingSubstateMachineType_LastTransitionReason,6038,Variable
ExecutingSubstateMachineType_LastTransitionReason_EnumValues,6039,Variable
ExecutingSubstateMachineType_LastTransitionReason_ValueAsText,6040,Variable
ExecutingSubstateMachineType_Running_StateNumber,6041,Variable
ExecutingSubstateMachineType_Stopping_StateNumber,6042,Variable
ExecutingSubstateMachineType_RunningToStopping_TransitionNumber,6043,Variable
ReadySubstateMachineType_LastTransition,6044,Variable
ReadySubstateMachineType_LastTransition_Id,6045,Variable
ReadySubstateMachineType_LastTransitionReason,6046,Variable
ReadySubstateMachineType_LastTransitionReason_EnumValues,6047,Variable
ReadySubstateMachineType_LastTransitionReason_ValueAsText,6048,Variable
ReadySubstateMachineType_AtProgramStart_StateNumber,6049,Variable
ReadySubstateMachineType_Suspended_StateNumber,6050,Variable
ReadySubstateMachineType_ProgramStartToSuspended_TransitionNumber,6051,Variable
ReadySubstateMachineType_SuspendedToProgramStart_TransitionNumber,6052,Variable
ReadySubstateMachineType_ResetToProgramStart_OutputArguments,6053,Variable
TaskModuleType_Name,6054,Variable
TaskModuleType_Version,6055,Variable
TaskModuleType_IsReferenced,6056,Variable
SystemOperationStateMachineType_ConfiguredDefaultStopMode,6057,Variable
SystemOperationStateMachineType_LastTransition,6058,Variable
SystemOperationStateMachineType_LastTransition_Id,6059,Variable
SystemOperationStateMachineType_LastTransitionReason,6060,Variable
SystemOperationStateMachineType_LastTransitionReason_EnumValues,6061,Variable
SystemOperationStateMachineType_LastTransitionReason_ValueAsText,6062,Variable
SystemOperationStateMachineType_PossibleStopModes,6063,Variable
SystemOperationStateMachineType_Start_OutputArguments,6064,Variable
SystemOperationStateMachineType_Stop_InputArguments,6065,Variable
SystemOperationStateMachineType_Stop_OutputArguments,6066,Variable
TaskControlStateMachineType_UnloadByName_InputArguments,6067,Variable
SystemOperationStateMachineType_GetReady_OutputArguments,6068,Variable
TaskControlStateMachineType_UnloadByName_OutputArguments,6069,Variable
SystemOperationStateMachineType_StandDown_OutputArguments,6070,Variable
SystemOperationStateMachineType_IdleSubstateMachine_LastTransition,6071,Variable
SystemOperationStateMachineType_IdleSubstateMachine_LastTransition_Id,6072,Variable
SystemOperationStateMachineType_IdleSubstateMachine_LastTransitionReason,6073,Variable
SystemOperationStateMachineType_IdleSubstateMachine_LastTransitionReason_EnumValues,6074,Variable
SystemOperationStateMachineType_IdleSubstateMachine_LastTransitionReason_ValueAsText,6075,Variable
SystemOperationStateMachineType_IdleSubstateMachine_CurrentState,6076,Variable
SystemOperationStateMachineType_IdleSubstateMachine_CurrentState_Id,6077,Variable
SystemOperationStateMachineType_ExecutingSubstateMachine_LastTransition,6078,Variable
SystemOperationStateMachineType_ExecutingSubstateMachine_LastTransition_Id,6079,Variable
SystemOperationStateMachineType_ExecutingSubstateMachine_LastTransitionReason,6080,Variable
SystemOperationStateMachineType_ExecutingSubstateMachine_LastTransitionReason_EnumValues,6081,Variable
SystemOperationStateMachineType_ExecutingSubstateMachine_LastTransitionReason_ValueAsText,6082,Variable
SystemOperationStateMachineType_ExecutingSubstateMachine_CurrentState,6083,Variable
SystemOperationStateMachineType_ExecutingSubstateMachine_CurrentState_Id,6084,Variable
SystemOperationStateMachineType_Idle_StateNumber,6085,Variable
SystemOperationStateMachineType_Ready_StateNumber,6086,Variable
SystemOperationStateMachineType_Executing_StateNumber,6087,Variable
SystemOperationStateMachineType_IdleToIdle_TransitionNumber,6088,Variable
SystemOperationStateMachineType_IdleToReady_TransitionNumber,6089,Variable
SystemOperationStateMachineType_ReadyToIdle_TransitionNumber,6090,Variable
SystemOperationStateMachineType_ReadyToExecuting_TransitionNumber,6091,Variable
SystemOperationStateMachineType_ExecutingToReady_TransitionNumber,6092,Variable
SystemOperationStateMachineType_ExecutingToIdle_TransitionNumber,6093,Variable
TaskControlStateMachineType_ConfiguredDefaultStopMode,6094,Variable
TaskControlStateMachineType_LastTransition,6095,Variable
TaskControlStateMachineType_LastTransition_Id,6096,Variable
TaskControlStateMachineType_LastTransitionReason,6097,Variable
TaskControlStateMachineType_LastTransitionReason_EnumValues,6098,Variable
TaskControlStateMachineType_LastTransitionReason_ValueAsText,6099,Variable
TaskControlStateMachineType_PossibleStopModes,6100,Variable
TaskControlStateMachineType_Start_OutputArguments,6101,Variable
TaskControlStateMachineType_Stop_InputArguments,6102,Variable
TaskControlStateMachineType_Stop_OutputArguments,6103,Variable
TaskControlStateMachineType_ReadySubstateMachine_LastTransition,6104,Variable
TaskControlStateMachineType_ReadySubstateMachine_LastTransition_Id,6105,Variable
TaskControlStateMachineType_ReadySubstateMachine_LastTransitionReason,6106,Variable
TaskControlStateMachineType_ReadySubstateMachine_LastTransitionReason_EnumValues,6107,Variable
TaskControlStateMachineType_ReadySubstateMachine_LastTransitionReason_ValueAsText,6108,Variable
TaskControlStateMachineType_ReadySubstateMachine_CurrentState,6109,Variable
TaskControlStateMachineType_ReadySubstateMachine_CurrentState_Id,6111,Variable
TaskControlStateMachineType_Idle_StateNumber,6112,Variable
TaskControlStateMachineType_Ready_StateNumber,6113,Variable
TaskControlStateMachineType_Executing_StateNumber,6114,Variable
TaskControlStateMachineType_IdleToIdle_TransitionNumber,6115,Variable
TaskControlStateMachineType_IdleToReady_TransitionNumber,6116,Variable
TaskControlStateMachineType_ReadyToIdle_TransitionNumber,6119,Variable
TaskControlStateMachineType_ReadyToExecuting_TransitionNumber,6120,Variable
TaskControlStateMachineType_ExecutingToReady_TransitionNumber,6121,Variable
TaskControlStateMachineType_ExecutingToIdle_TransitionNumber,6122,Variable
SystemOperationType_SystemOperationStateMachine_LastTransition,6123,Variable
SystemOperationType_SystemOperationStateMachine_LastTransition_Id,6124,Variable
SystemOperationType_SystemOperationStateMachine_LastTransitionReason,6125,Variable
SystemOperationType_SystemOperationStateMachine_LastTransitionReason_EnumValues,6126,Variable
SystemOperationType_SystemOperationStateMachine_LastTransitionReason_ValueAsText,6127,Variable
SystemOperationType_SystemOperationStateMachine_CurrentState,6128,Variable
SystemOperationType_SystemOperationStateMachine_CurrentState_Id,6129,Variable
SystemOperationType_DefaultInstanceBrowseName,6130,Variable
TaskControlOperationType_MotionDevicesUnderControl,6131,Variable
TaskControlOperationType_DefaultInstanceBrowseName,6132,Variable
TaskControlOperationType_TaskControlStateMachine_LastTransition,6133,Variable
TaskControlOperationType_TaskControlStateMachine_LastTransition_Id,6134,Variable
TaskControlOperationType_TaskControlStateMachine_LastTransitionReason,6135,Variable
TaskControlOperationType_TaskControlStateMachine_LastTransitionReason_EnumValues,6136,Variable
TaskControlOperationType_TaskControlStateMachine_LastTransitionReason_ValueAsText,6137,Variable
TaskControlOperationType_TaskControlStateMachine_CurrentState,6138,Variable
TaskControlOperationType_TaskControlStateMachine_CurrentState_Id,6139,Variable
MultiAcknowledgeableConditionType_ConditionDescriptions,6140,Variable
TaskControlStateMachineType_LoadByNodeId_InputArguments,6141,Variable
TaskControlStateMachineType_LoadByNodeId_OutputArguments,6142,Variable
TaskControlStateMachineType_LoadByName_InputArguments,6143,Variable
TaskControlStateMachineType_LoadByName_OutputArguments,6144,Variable
TaskControlStateMachineType_UnloadProgram_OutputArguments,6145,Variable
TaskControlStateMachineType_UnloadByNodeId_InputArguments,6146,Variable
TaskControlStateMachineType_UnloadByNodeId_OutputArguments,6147,Variable
TaskControlType_TaskControlOperation_TaskControlStateMachine_CurrentState,6148,Variable
TaskControlType_TaskControlOperation_TaskControlStateMachine_CurrentState_Id,6149,Variable
TaskControlType_TaskControlOperation_TaskControlStateMachine_LastTransition,6150,Variable
TaskControlType_TaskControlOperation_TaskControlStateMachine_LastTransition_Id,6151,Variable
TaskControlType_TaskControlOperation_TaskControlStateMachine_LastTransitionReason,6152,Variable
TaskControlType_TaskControlOperation_TaskControlStateMachine_LastTransitionReason_EnumValues,6153,Variable
TaskControlType_TaskControlOperation_TaskControlStateMachine_LastTransitionReason_ValueAsText,6154,Variable
ControllerType_Programs_CreateDirectory_InputArguments,6155,Variable
ControllerType_Programs_CreateDirectory_OutputArguments,6156,Variable
ControllerType_Programs_CreateFile_InputArguments,6157,Variable
ControllerType_Programs_CreateFile_OutputArguments,6158,Variable
ControllerType_Programs_Delete_InputArguments,6159,Variable
ControllerType_Programs_MoveOrCopy_InputArguments,6160,Variable
ControllerType_Programs_MoveOrCopy_OutputArguments,6161,Variable
ControllerType_SystemOperation_SystemOperationStateMachine_CurrentState,6162,Variable
ControllerType_SystemOperation_SystemOperationStateMachine_CurrentState_Id,6163,Variable
ControllerType_SystemOperation_SystemOperationStateMachine_LastTransition,6164,Variable
ControllerType_SystemOperation_SystemOperationStateMachine_LastTransition_Id,6165,Variable
ControllerType_SystemOperation_SystemOperationStateMachine_LastTransitionReason,6166,Variable
ControllerType_SystemOperation_SystemOperationStateMachine_LastTransitionReason_EnumValues,6167,Variable
ControllerType_SystemOperation_SystemOperationStateMachine_LastTransitionReason_ValueAsText,6168,Variable
TaskControlType_TaskModules_TaskModule_Placeholder_Name,6169,Variable
MotionDeviceSystemType_ComponentName,6171,Variable
MotionDeviceType_AssetId,6172,Variable
MotionDeviceType_ComponentName,6173,Variable
MotionDeviceType_DeviceManual,6174,Variable
AxisType_AssetId,6175,Variable
PowerTrainType_ComponentName,6176,Variable
PowerTrainType_PowerTrainIdentifier_Placeholder_ComponentName,6176,Variable
MotorType_AssetId,6177,Variable
GearType_AssetId,6178,Variable
SafetyStateType_ComponentName,6179,Variable
ControllerType_AssetId,6180,Variable
ControllerType_ComponentName,6181,Variable
ControllerType_DeviceManual,6182,Variable
AuxiliaryComponentType_AssetId,6183,Variable
DriveType_AssetId,6184,Variable
SystemOperationType_Conditions_AcknowledgeableCondition_Placeholder_AckedState,6185,Variable
SystemOperationType_Conditions_AcknowledgeableCondition_Placeholder_AckedState_Id,6186,Variable
SystemOperationType_Conditions_AcknowledgeableCondition_Placeholder_Acknowledge_InputArguments,6187,Variable
SystemOperationType_Conditions_AcknowledgeableCondition_Placeholder_EnabledState,6188,Variable
SystemOperationType_Conditions_AcknowledgeableCondition_Placeholder_EnabledState_Id,6189,Variable
SystemOperationType_Conditions_AcknowledgeableCondition_Placeholder_AddComment_InputArguments,6190,Variable
SystemOperationType_Conditions_AcknowledgeableCondition_Placeholder_BranchId,6191,Variable
SystemOperationType_Conditions_AcknowledgeableCondition_Placeholder_ClientUserId,6192,Variable
SystemOperationType_Conditions_AcknowledgeableCondition_Placeholder_Comment,6193,Variable
SystemOperationType_Conditions_AcknowledgeableCondition_Placeholder_Comment_SourceTimestamp,6194,Variable
SystemOperationType_Conditions_AcknowledgeableCondition_Placeholder_ConditionClassId,6195,Variable
SystemOperationType_Conditions_AcknowledgeableCondition_Placeholder_ConditionClassName,6196,Variable
SystemOperationType_Conditions_AcknowledgeableCondition_Placeholder_ConditionName,6197,Variable
SystemOperationType_Conditions_AcknowledgeableCondition_Placeholder_ConditionSubClassId,6198,Variable
SystemOperationType_Conditions_AcknowledgeableCondition_Placeholder_ConditionSubClassName,6199,Variable
SystemOperationType_Conditions_AcknowledgeableCondition_Placeholder_LastSeverity,6200,Variable
SystemOperationType_Conditions_AcknowledgeableCondition_Placeholder_LastSeverity_SourceTimestamp,6201,Variable
SystemOperationType_Conditions_AcknowledgeableCondition_Placeholder_Quality,6202,Variable
SystemOperationType_Conditions_AcknowledgeableCondition_Placeholder_Quality_SourceTimestamp,6203,Variable
SystemOperationType_Conditions_AcknowledgeableCondition_Placeholder_Retain,6204,Variable
SystemOperationType_Conditions_AcknowledgeableCondition_Placeholder_EventId,6205,Variable
SystemOperationType_Conditions_AcknowledgeableCondition_Placeholder_EventType,6206,Variable
SystemOperationType_Conditions_AcknowledgeableCondition_Placeholder_Message,6207,Variable
SystemOperationType_Conditions_AcknowledgeableCondition_Placeholder_ReceiveTime,6208,Variable
SystemOperationType_Conditions_AcknowledgeableCondition_Placeholder_Severity,6209,Variable
SystemOperationType_Conditions_AcknowledgeableCondition_Placeholder_SourceName,6210,Variable
SystemOperationType_Conditions_AcknowledgeableCondition_Placeholder_SourceNode,6211,Variable
SystemOperationType_Conditions_AcknowledgeableCondition_Placeholder_Time,6212,Variable
MotionDeviceType_FlangeLoad_Mass,6624,Variable
LoadType_Mass,6723,Variable
LoadType_Mass_EngineeringUnits,6728,Variable
MotorType_ParameterSet_MotorTemperature,6757,Variable
MotorType_ParameterSet_MotorTemperature_EngineeringUnits,6762,Variable
MotorType_ParameterSet_EffectiveLoadRate,6776,Variable
OperationStateMachineType_Start,7001,Method
OperationStateMachineType_Stop,7002,Method
ReadySubstateMachineType_ResetToProgramStart,7003,Method
SystemOperationStateMachineType_Start,7004,Method
SystemOperationStateMachineType_Stop,7005,Method
SystemOperationStateMachineType_GetReady,7006,Method
SystemOperationStateMachineType_StandDown,7007,Method
TaskControlStateMachineType_Start,7008,Method
TaskControlStateMachineType_Stop,7009,Method
TaskControlStateMachineType_LoadByNodeId,7010,Method
TaskControlStateMachineType_LoadByName,7011,Method
TaskControlStateMachineType_UnloadProgram,7012,Method
TaskControlStateMachineType_UnloadByNodeId,7013,Method
TaskControlStateMachineType_UnloadByName,7014,Method
ControllerType_Programs_CreateDirectory,7015,Method
ControllerType_Programs_CreateFile,7016,Method
ControllerType_Programs_Delete,7017,Method
ControllerType_Programs_MoveOrCopy,7018,Method
SystemOperationType_Conditions_AcknowledgeableCondition_Placeholder_Acknowledge,7019,Method
SystemOperationType_Conditions_AcknowledgeableCondition_Placeholder_AddComment,7020,Method
SystemOperationType_Conditions_AcknowledgeableCondition_Placeholder_Disable,7021,Method
SystemOperationType_Conditions_AcknowledgeableCondition_Placeholder_Enable,7022,Method
MotionDeviceSystemType_MotionDevices_MotionDeviceIdentifier_Placeholder,15008,Object
http___opcfoundation_org_UA_Robotics_,15011,Object
MotionDeviceSystemType_MotionDevices_MotionDeviceIdentifier_Placeholder_ParameterSet,15024,Object
http___opcfoundation_org_UA_Robotics__NamespaceUri,15034,Variable
MotionDeviceSystemType_MotionDevices_MotionDeviceIdentifier_Placeholder_Manufacturer,15045,Variable
MotionDeviceSystemType_MotionDevices_MotionDeviceIdentifier_Placeholder_Model,15047,Variable
MotionDeviceSystemType_MotionDevices_MotionDeviceIdentifier_Placeholder_SerialNumber,15048,Variable
MotionDeviceSystemType_MotionDevices_MotionDeviceIdentifier_Placeholder_ProductCode,15053,Variable
MotionDeviceSystemType_MotionDevices_MotionDeviceIdentifier_Placeholder_MotionDeviceCategory,15058,Variable
MotionDeviceSystemType_MotionDevices_MotionDeviceIdentifier_Placeholder_ParameterSet_SpeedOverride,15061,Variable
MotionDeviceSystemType_MotionDevices_MotionDeviceIdentifier_Placeholder_Axes,15062,Object
http___opcfoundation_org_UA_Robotics__NamespaceVersion,15064,Variable
http___opcfoundation_org_UA_Robotics__NamespacePublicationDate,15091,Variable
http___opcfoundation_org_UA_Robotics__IsNamespaceSubset,15114,Variable
http___opcfoundation_org_UA_Robotics__StaticNodeIdTypes,15145,Variable
http___opcfoundation_org_UA_Robotics__StaticNumericNodeIdRange,15173,Variable
MotionDeviceSystemType_MotionDevices_MotionDeviceIdentifier_Placeholder_PowerTrains,15208,Object
http___opcfoundation_org_UA_Robotics__StaticStringNodeIdPattern,15209,Variable
MotionDeviceType_Axes,15305,Object
ControllerType_ParameterSet_UpsState,15365,Variable
ControllerType_ParameterSet_StartUpTime,15366,Variable
MotionDeviceSystemType_Controllers_ControllerIdentifier_Placeholder,15405,Object
MotionDeviceSystemType_Controllers_ControllerIdentifier_Placeholder_Manufacturer,15426,Variable
MotionDeviceSystemType_Controllers_ControllerIdentifier_Placeholder_Model,15428,Variable
MotionDeviceSystemType_Controllers_ControllerIdentifier_Placeholder_SerialNumber,15429,Variable
MotionDeviceSystemType_Controllers_ControllerIdentifier_Placeholder_ProductCode,15434,Variable
MotionDeviceSystemType_Controllers_ControllerIdentifier_Placeholder_CurrentUser,15440,Object
MotionDeviceSystemType_Controllers_ControllerIdentifier_Placeholder_CurrentUser_Level,15441,Variable
MotionDeviceSystemType_Controllers_ControllerIdentifier_Placeholder_Software,15483,Object
MotionDeviceSystemType_Controllers_ControllerIdentifier_Placeholder_TaskControls,15518,Object
http___opcfoundation_org_UA_Robotics__DefaultRolePermissions,15583,Variable
http___opcfoundation_org_UA_Robotics__DefaultUserRolePermissions,15584,Variable
http___opcfoundation_org_UA_Robotics__DefaultAccessRestrictions,15585,Variable
GearType_GearRatio_Numerator,15615,Variable
GearType_GearRatio_Denominator,15616,Variable
MotionDeviceType_FlangeLoad_Mass_EngineeringUnits,15659,Variable
MotionDeviceSystemType_SafetyStates_SafetyStateIdentifier_Placeholder,15697,Object
MotionDeviceSystemType_SafetyStates_SafetyStateIdentifier_Placeholder_ParameterSet,15698,Object
MotionDeviceSystemType_SafetyStates_SafetyStateIdentifier_Placeholder_ParameterSet_OperationalMode,15740,Variable
MotionDeviceSystemType_SafetyStates_SafetyStateIdentifier_Placeholder_ParameterSet_EmergencyStop,15741,Variable
MotionDeviceSystemType_SafetyStates_SafetyStateIdentifier_Placeholder_ParameterSet_ProtectiveStop,15742,Variable
MotionDeviceType_Axes_AxisIdentifier_Placeholder,15743,Object
MotionDeviceType_Axes_AxisIdentifier_Placeholder_ParameterSet,15744,Object
ControllerType_Software,15800,Object
MotionDeviceType_Axes_AxisIdentifier_Placeholder_MotionProfile,15808,Variable
ControllerType_TaskControls,15826,Object
MotionDeviceType_Axes_AxisIdentifier_Placeholder_ParameterSet_ActualPosition,15863,Variable
MotionDeviceType_Axes_AxisIdentifier_Placeholder_ParameterSet_ActualPosition_EngineeringUnits,15869,Variable
SafetyStateType_ParameterSet_EmergencyStop,15882,Variable
TaskControlType_ParameterSet,15883,Object
MotionDeviceType_PowerTrains_PowerTrainIdentifier_Placeholder,15905,Object
SafetyStateType_ParameterSet_OperationalMode,15912,Variable
SafetyStateType_ParameterSet_ProtectiveStop,15913,Variable
GearType_GearRatio,15941,Variable
PowerTrainType_MotorIdentifier_Placeholder,15998,Object
PowerTrainType_MotorIdentifier_Placeholder_ParameterSet,15999,Object
PowerTrainType_MotorIdentifier_Placeholder_Manufacturer,16019,Variable
PowerTrainType_MotorIdentifier_Placeholder_Model,16021,Variable
PowerTrainType_MotorIdentifier_Placeholder_ProductCode,16025,Variable
PowerTrainType_MotorIdentifier_Placeholder_SerialNumber,16028,Variable
PowerTrainType_MotorIdentifier_Placeholder_ParameterSet_MotorTemperature,16034,Variable
PowerTrainType_MotorIdentifier_Placeholder_ParameterSet_MotorTemperature_EngineeringUnits,16039,Variable
PowerTrainType_GearIdentifier_Placeholder,16041,Object
PowerTrainType_GearIdentifier_Placeholder_Manufacturer,16062,Variable
PowerTrainType_GearIdentifier_Placeholder_Model,16064,Variable
PowerTrainType_GearIdentifier_Placeholder_ProductCode,16068,Variable
PowerTrainType_GearIdentifier_Placeholder_SerialNumber,16071,Variable
PowerTrainType_GearIdentifier_Placeholder_GearRatio,16076,Variable
PowerTrainType_GearIdentifier_Placeholder_GearRatio_Numerator,16077,Variable
PowerTrainType_GearIdentifier_Placeholder_GearRatio_Denominator,16078,Variable
LoadType_CenterOfMass_CartesianCoordinates,16130,Variable
LoadType_CenterOfMass_Orientation,16132,Variable
LoadType_CenterOfMass_CartesianCoordinates_X,16134,Variable
LoadType_CenterOfMass_CartesianCoordinates_Y,16135,Variable
LoadType_CenterOfMass_CartesianCoordinates_Z,16136,Variable
LoadType_CenterOfMass_Orientation_A,16137,Variable
LoadType_CenterOfMass_Orientation_B,16138,Variable
LoadType_CenterOfMass_Orientation_C,16139,Variable
MotionDeviceType_Manufacturer,16351,Variable
MotionDeviceType_Model,16353,Variable
MotionDeviceType_SerialNumber,16354,Variable
MotionDeviceType_ProductCode,16359,Variable
MotionDeviceType_MotionDeviceCategory,16362,Variable
MotionDeviceType_ParameterSet_OnPath,16363,Variable
MotionDeviceType_ParameterSet_InControl,16364,Variable
MotionDeviceType_ParameterSet_SpeedOverride,16365,Variable
MotionDeviceType_PowerTrains,16443,Object
MotionDeviceType_AdditionalComponents,16566,Object
AxisType,16601,ObjectType
AxisType_ParameterSet,16602,Object
AxisType_MotionProfile,16637,Variable
AxisType_AdditionalLoad,16638,Object
AxisType_AdditionalLoad_Mass,16639,Variable
AxisType_AdditionalLoad_Mass_EngineeringUnits,16644,Variable
AxisType_ParameterSet_ActualPosition,16662,Variable
AxisType_ParameterSet_ActualPosition_EngineeringUnits,16667,Variable
AxisType_ParameterSet_ActualSpeed,16668,Variable
AxisType_ParameterSet_ActualSpeed_EngineeringUnits,16673,Variable
AxisType_ParameterSet_ActualAcceleration,16674,Variable
AxisType_ParameterSet_ActualAcceleration_EngineeringUnits,16679,Variable
PowerTrainType,16794,ObjectType
MotorType_Manufacturer,17101,Variable
MotorType_Model,17103,Variable
MotorType_SerialNumber,17104,Variable
MotorType_ProductCode,17109,Variable
MotorType_ParameterSet_BrakeReleased,17150,Variable
GearType_Manufacturer,17152,Variable
GearType_Model,17154,Variable
GearType_SerialNumber,17155,Variable
GearType_ProductCode,17160,Variable
GearType_Pitch,17165,Variable
SafetyStateType_EmergencyStopFunctions,17221,Object
SafetyStateType_ProtectiveStopFunctions,17225,Object
EmergencyStopFunctionType,17230,ObjectType
EmergencyStopFunctionType_Name,17231,Variable
EmergencyStopFunctionType_Active,17232,Variable
ProtectiveStopFunctionType,17233,ObjectType
ProtectiveStopFunctionType_Name,17234,Variable
ProtectiveStopFunctionType_Enabled,17235,Variable
ProtectiveStopFunctionType_Active,17236,Variable
ControllerType_Manufacturer,17237,Variable
ControllerType_Model,17239,Variable
ControllerType_SerialNumber,17240,Variable
ControllerType_ProductCode,17245,Variable
ControllerType_CurrentUser,17249,Object
ControllerType_CurrentUser_Level,17250,Variable
ControllerType_Components,17252,Object
ControllerType_ParameterSet_TotalPowerOnTime,17358,Variable
ControllerType_ParameterSet_TotalEnergyConsumption,17359,Variable
ControllerType_ParameterSet_TotalEnergyConsumption_EngineeringUnits,17364,Variable
ControllerType_ParameterSet_CabinetFanSpeed,17365,Variable
ControllerType_ParameterSet_CabinetFanSpeed_EngineeringUnits,17370,Variable
ControllerType_ParameterSet_CPUFanSpeed,17371,Variable
ControllerType_ParameterSet_CPUFanSpeed_EngineeringUnits,17376,Variable
ControllerType_ParameterSet_InputVoltage,17377,Variable
ControllerType_ParameterSet_InputVoltage_EngineeringUnits,17382,Variable
ControllerType_ParameterSet_Temperature,17383,Variable
ControllerType_ParameterSet_Temperature_EngineeringUnits,17388,Variable
AuxiliaryComponentType,17725,ObjectType
AuxiliaryComponentType_ProductCode,17756,Variable
DriveType,17793,ObjectType
DriveType_ProductCode,17824,Variable
TaskControlType_ComponentName,17873,Variable
TaskControlType_ParameterSet_TaskProgramName,17874,Variable
TaskControlType_ParameterSet_TaskProgramLoaded,17875,Variable
TaskControlType_ParameterSet_ExecutionMode,17876,Variable
LoadType_Inertia,18170,Variable
LoadType_Inertia_X,18171,Variable
LoadType_Inertia_Y,18172,Variable
LoadType_Inertia_Z,18173,Variable
UserType,18175,ObjectType
UserType_Level,18176,Variable
UserType_Name,18177,Variable
Moves,18178,ReferenceType
Requires,18179,ReferenceType
IsDrivenBy,18180,ReferenceType
IsConnectedTo,18181,ReferenceType
HasSafetyStates,18182,ReferenceType
HasSlave,18183,ReferenceType
ExecutionModeEnumeration,18191,DataType
ExecutionModeEnumeration_EnumStrings,18192,Variable
MotionDeviceCategoryEnumeration,18193,DataType
MotionDeviceCategoryEnumeration_EnumStrings,18194,Variable
AxisType_PowerTrainIdentifier_Placeholder,18344,Object
PowerTrainType_AxisIdentifier_Placeholder,18536,Object
PowerTrainType_AxisIdentifier_Placeholder_ParameterSet,18537,Object
PowerTrainType_AxisIdentifier_Placeholder_MotionProfile,18570,Variable
PowerTrainType_AxisIdentifier_Placeholder_ParameterSet_ActualPosition,18595,Variable
PowerTrainType_AxisIdentifier_Placeholder_ParameterSet_ActualPosition_EngineeringUnits,18600,Variable
PowerTrainType_PowerTrainIdentifier_Placeholder,18613,Object
SafetyStateType_EmergencyStopFunctions_EmergencyStopFunctionIdentifier_Placeholder,18806,Object
SafetyStateType_EmergencyStopFunctions_EmergencyStopFunctionIdentifier_Placeholder_Name,18807,Variable
SafetyStateType_EmergencyStopFunctions_EmergencyStopFunctionIdentifier_Placeholder_Active,18808,Variable
SafetyStateType_ProtectiveStopFunctions_ProtectiveStopFunctionIdentifier_Placeholder,18809,Object
SafetyStateType_ProtectiveStopFunctions_ProtectiveStopFunctionIdentifier_Placeholder_Name,18810,Variable
SafetyStateType_ProtectiveStopFunctions_ProtectiveStopFunctionIdentifier_Placeholder_Enabled,18811,Variable
SafetyStateType_ProtectiveStopFunctions_ProtectiveStopFunctionIdentifier_Placeholder_Active,18812,Variable
ControllerType_Components_ComponentIdentifier_Placeholder,18813,Object
ControllerType_Software_SoftwareIdentifier_Placeholder,18847,Object
ControllerType_Software_SoftwareIdentifier_Placeholder_Manufacturer,18868,Variable
ControllerType_Software_SoftwareIdentifier_Placeholder_Model,18870,Variable
ControllerType_Software_SoftwareIdentifier_Placeholder_SoftwareRevision,18873,Variable
ControllerType_TaskControls_TaskControlIdentifier_Placeholder,18881,Object
ControllerType_TaskControls_TaskControlIdentifier_Placeholder_ParameterSet,18882,Object
ControllerType_TaskControls_TaskControlIdentifier_Placeholder_ComponentName,18914,Variable
ControllerType_TaskControls_TaskControlIdentifier_Placeholder_ParameterSet_TaskProgramName,18915,Variable
ControllerType_TaskControls_TaskControlIdentifier_Placeholder_ParameterSet_TaskProgramLoaded,18916,Variable
ControllerType_SafetyStatesIdentifier_Placeholder,18918,Object
ControllerType_SafetyStatesIdentifier_Placeholder_ParameterSet,18919,Object
ControllerType_SafetyStatesIdentifier_Placeholder_ParameterSet_OperationalMode,18961,Variable
ControllerType_SafetyStatesIdentifier_Placeholder_ParameterSet_EmergencyStop,18962,Variable
ControllerType_SafetyStatesIdentifier_Placeholder_ParameterSet_ProtectiveStop,18963,Variable
ControllerType_MotionDeviceIdentifier_Placeholder,18964,Object
ControllerType_MotionDeviceIdentifier_Placeholder_ParameterSet,18965,Object
ControllerType_MotionDeviceIdentifier_Placeholder_Manufacturer,18985,Variable
ControllerType_MotionDeviceIdentifier_Placeholder_Model,18987,Variable
ControllerType_MotionDeviceIdentifier_Placeholder_SerialNumber,18988,Variable
ControllerType_MotionDeviceIdentifier_Placeholder_ProductCode,18993,Variable
ControllerType_MotionDeviceIdentifier_Placeholder_MotionDeviceCategory,18998,Variable
ControllerType_MotionDeviceIdentifier_Placeholder_ParameterSet_SpeedOverride,19001,Variable
ControllerType_MotionDeviceIdentifier_Placeholder_Axes,19002,Object
ControllerType_MotionDeviceIdentifier_Placeholder_PowerTrains,19080,Object
TaskControlType_MotionDeviceIdentifier_Placeholder,19254,Object
TaskControlType_MotionDeviceIdentifier_Placeholder_ParameterSet,19255,Object
TaskControlType_MotionDeviceIdentifier_Placeholder_Manufacturer,19275,Variable
TaskControlType_MotionDeviceIdentifier_Placeholder_Model,19277,Variable
TaskControlType_MotionDeviceIdentifier_Placeholder_SerialNumber,19278,Variable
TaskControlType_MotionDeviceIdentifier_Placeholder_ProductCode,19283,Variable
TaskControlType_MotionDeviceIdentifier_Placeholder_MotionDeviceCategory,19288,Variable
TaskControlType_MotionDeviceIdentifier_Placeholder_ParameterSet_SpeedOverride,19291,Variable
TaskControlType_MotionDeviceIdentifier_Placeholder_Axes,19292,Object
TaskControlType_MotionDeviceIdentifier_Placeholder_PowerTrains,19370,Object
